                  epoch,         train/box_loss,         train/cls_loss,         train/dfl_loss,   metrics/precision(B),      metrics/recall(B),       metrics/mAP50(B),    metrics/mAP50-95(B),           val/box_loss,           val/cls_loss,           val/dfl_loss,                 lr/pg0,                 lr/pg1,                 lr/pg2
                      0,                 3.7973,                 4.0032,                  4.297,                 0.0019,                0.18149,                0.00158,                0.00053,                 3.3967,                 3.8555,                 4.1397,                 0.0946,                 0.0006,                 0.0006
                      1,                 3.4687,                 3.8055,                 4.2247,                0.00177,                0.18861,                0.00134,                0.00047,                 3.3772,                 3.7735,                 4.1081,               0.088296,              0.0012957,              0.0012957
                      2,                 3.6912,                 3.8316,                 4.1819,                0.00177,                0.18861,                0.00147,                0.00051,                 3.3653,                  3.743,                 4.0866,               0.081987,              0.0019868,              0.0019868
                      3,                 3.8835,                 3.7633,                 4.1528,                0.00183,                0.19573,                0.00187,                0.00058,                 3.3564,                 3.7283,                 4.0711,               0.075673,              0.0026733,              0.0026733
                      4,                 3.5712,                 3.6497,                  4.148,                 0.0018,                0.19217,                0.00191,                0.00058,                 3.3415,                  3.713,                 4.0478,               0.069355,              0.0033551,              0.0033551
                      5,                 3.4831,                 3.7442,                 4.0881,                0.00177,                0.18861,                0.00164,                0.00051,                 3.3315,                 3.7043,                 4.0312,               0.063032,              0.0040324,              0.0040324
                      6,                 3.4293,                 3.6286,                 4.0426,                0.00177,                0.18861,                0.00176,                0.00059,                  3.315,                 3.6933,                 4.0029,               0.056705,               0.004705,               0.004705
                      7,                 3.5301,                 3.5695,                 4.0178,                 0.0018,                0.19217,                0.00176,                0.00056,                 3.3087,                 3.6882,                 3.9905,               0.050373,              0.0053729,              0.0053729
                      8,                 3.6964,                 3.4443,                  4.002,                0.00183,                0.19573,                0.00194,                0.00059,                 3.2968,                 3.6801,                 3.9694,               0.044036,              0.0060363,              0.0060363
                      9,                  3.487,                 3.4175,                 3.9845,                0.00187,                0.19929,                 0.0018,                0.00056,                 3.2904,                 3.6792,                 3.9584,               0.037695,              0.0066951,              0.0066951
                     10,                 3.3237,                 3.2578,                 3.8526,                 0.0019,                0.20285,                 0.0017,                0.00056,                 3.2858,                 3.6804,                 3.9516,               0.031349,              0.0073492,              0.0073492
                     11,                 3.2323,                 3.2115,                 3.8142,                 0.0023,                0.24555,                0.00178,                 0.0006,                 3.2838,                 3.6894,                 3.9491,               0.024999,              0.0079987,              0.0079987
                     12,                  3.298,                 2.9239,                 3.6787,                 0.0019,                0.20285,                0.00137,                 0.0004,                 3.2463,                 3.6515,                  3.923,               0.018644,              0.0086436,              0.0086436
                     13,                 3.0251,                   2.99,                 3.6303,                0.00422,                 0.4484,                0.01011,                0.00174,                 3.1776,                 3.5537,                 3.8811,               0.012284,              0.0092839,              0.0092839
                     14,                 3.2181,                 3.1189,                 3.6196,                0.00441,                0.46619,                0.00877,                  0.002,                 3.1705,                 3.5725,                 3.8695,               0.009538,               0.009538,               0.009538
                     15,                  2.982,                 2.9606,                 3.3837,                0.00259,                0.26335,                0.00234,                0.00072,                 3.2674,                 3.8084,                 3.9483,               0.009538,               0.009538,               0.009538
                     16,                 3.0205,                 2.8762,                 3.4194,                0.00236,                0.23843,                0.00203,                0.00068,                  3.251,                 3.8604,                  3.956,               0.009505,               0.009505,               0.009505
                     17,                 3.0086,                 2.9095,                 3.4196,                0.02638,                0.00712,                0.00199,                0.00057,                 3.1626,                 4.1042,                 3.8737,               0.009472,               0.009472,               0.009472
                     18,                 2.9459,                 2.8107,                 3.2993,                0.02799,                0.02135,                0.00228,                0.00062,                 3.0859,                 4.9067,                 3.8267,               0.009439,               0.009439,               0.009439
                     19,                  2.859,                 2.7645,                 3.2954,                0.01326,                0.01423,                0.00321,                0.00093,                 3.1325,                 3.8416,                 3.9083,               0.009406,               0.009406,               0.009406
                     20,                 2.7502,                 2.7906,                 3.2306,                0.03926,                0.01068,                0.00285,                0.00077,                 3.1574,                 4.0192,                 4.4372,               0.009373,               0.009373,               0.009373
                     21,                 2.6143,                  2.815,                 3.2043,                0.00213,                 0.2242,                0.00142,                0.00034,                 3.3258,                 4.9903,                 8.1652,                0.00934,                0.00934,                0.00934
                     22,                 2.7278,                 2.7138,                 3.0878,                0.00266,                0.26335,                0.00206,                0.00054,                 3.4249,                 5.2328,                 12.848,               0.009307,               0.009307,               0.009307
                     23,                 2.6901,                 2.6849,                 3.0642,                0.00755,                0.01423,                0.00113,                0.00028,                 3.3954,                 7.2209,                 15.952,               0.009274,               0.009274,               0.009274
                     24,                 2.7528,                 2.5029,                 3.0106,                0.00742,                0.02491,                 0.0015,                 0.0003,                  3.358,                 6.7202,                 16.479,               0.009241,               0.009241,               0.009241
                     25,                 2.6145,                 2.4802,                 2.8549,                0.00297,                0.11388,                 0.0018,                0.00047,                 3.3732,                 29.902,                 16.332,               0.009208,               0.009208,               0.009208
                     26,                  2.601,                 2.4036,                 2.9356,                0.00445,                0.11744,                0.00221,                0.00062,                 3.4617,                 58.522,                 9.9691,               0.009175,               0.009175,               0.009175
                     27,                 2.4435,                 2.4264,                 2.7646,                0.03693,                0.10676,                0.01117,                0.00321,                  3.076,                 17.288,                 4.4324,               0.009142,               0.009142,               0.009142
                     28,                 2.5682,                   2.32,                 2.8639,                0.07945,                0.18505,                0.03567,                0.00917,                 2.9171,                 6.6113,                 4.0424,               0.009109,               0.009109,               0.009109
                     29,                 2.5154,                 2.2477,                 2.8083,                0.08384,                 0.2847,                0.05033,                0.01256,                 2.8139,                 7.1317,                 3.7169,               0.009076,               0.009076,               0.009076
                     30,                 2.4933,                 2.2644,                 2.8836,                0.21819,                0.38434,                0.18207,                 0.0437,                 2.6364,                 3.1512,                 3.3098,               0.009043,               0.009043,               0.009043
                     31,                 2.3931,                  2.076,                 2.7129,                0.29977,                0.40925,                0.29155,                0.09637,                 2.3869,                 2.8188,                 3.0781,                0.00901,                0.00901,                0.00901
                     32,                 2.4337,                 2.2136,                 2.7536,                0.27626,                0.40925,                0.25235,                0.07324,                 2.5017,                 3.9851,                 3.3885,               0.008977,               0.008977,               0.008977
                     33,                 2.3118,                 2.2139,                 2.7128,                0.09067,                0.46975,                0.07868,                0.02907,                 2.2936,                 6.4443,                 3.1759,               0.008944,               0.008944,               0.008944
                     34,                 2.2403,                 1.9718,                 2.5401,                0.30757,                0.48043,                0.32447,                0.12165,                 2.2129,                 2.4346,                 2.9561,               0.008911,               0.008911,               0.008911
                     35,                 2.3136,                  2.099,                 2.6274,                0.14969,                0.42705,                0.12981,                0.03392,                 2.5667,                 8.0944,                 3.5311,               0.008878,               0.008878,               0.008878
                     36,                 2.1778,                  2.008,                 2.4856,                0.45281,                0.33572,                0.39468,                 0.1716,                 2.2084,                 4.7504,                 3.0323,               0.008845,               0.008845,               0.008845
                     37,                 2.2463,                 2.1541,                 2.5343,                0.17805,                0.42705,                0.18788,                0.06657,                 2.2384,                 3.1559,                 2.8884,               0.008812,               0.008812,               0.008812
                     38,                 2.1861,                 2.0926,                 2.4739,                0.40944,                0.49466,                0.36116,                 0.1461,                 2.2743,                 2.3389,                  2.875,               0.008779,               0.008779,               0.008779
                     39,                 2.0975,                 1.9508,                 2.4009,                0.34615,                0.42349,                0.25378,                0.08807,                 2.3531,                 2.5879,                 2.9774,               0.008746,               0.008746,               0.008746
                     40,                 2.2491,                 2.1179,                  2.558,                0.49696,                0.53737,                0.42476,                  0.193,                      2,                 2.1321,                 2.6348,               0.008713,               0.008713,               0.008713
                     41,                 2.0791,                 1.8865,                  2.339,                0.42938,                0.53025,                0.43502,                0.22038,                 1.9581,                  2.219,                 2.6029,                0.00868,                0.00868,                0.00868
                     42,                 2.0293,                 2.0942,                 2.4088,                0.40207,                0.54323,                0.36533,                0.15889,                 2.1235,                 2.5356,                  2.739,               0.008647,               0.008647,               0.008647
                     43,                 2.1479,                  1.998,                 2.5095,                0.37967,                 0.5694,                0.41986,                0.20071,                 1.9546,                 2.3721,                 2.5758,               0.008614,               0.008614,               0.008614
                     44,                  1.921,                 1.7476,                 2.1612,                0.53908,                0.53381,                0.49836,                0.27042,                 1.8986,                 3.4929,                 2.5475,               0.008581,               0.008581,               0.008581
                     45,                   1.95,                 1.9843,                 2.3226,                0.54821,                0.62633,                0.55687,                0.28003,                 1.9252,                 2.4817,                 2.5915,               0.008548,               0.008548,               0.008548
                     46,                 1.9642,                 1.8003,                 2.3572,                0.43982,                0.57839,                0.39708,                0.17908,                 2.0642,                 3.3005,                 2.7191,               0.008515,               0.008515,               0.008515
                     47,                 1.9745,                 1.7054,                 2.2283,                0.45147,                0.60498,                 0.5032,                 0.2425,                 1.8648,                  2.952,                 2.4647,               0.008482,               0.008482,               0.008482
                     48,                 1.9329,                  1.861,                 2.2473,                0.17986,                 0.3879,                0.15722,                0.06334,                 1.9639,                 2.3925,                 2.5103,               0.008449,               0.008449,               0.008449
                     49,                 1.9392,                 1.8995,                 2.2816,                0.54911,                0.57207,                0.56892,                0.28079,                 1.7958,                 2.9344,                 2.3632,               0.008416,               0.008416,               0.008416
                     50,                 1.9823,                 2.0507,                 2.3168,                0.37091,                0.46975,                0.41904,                0.20623,                 1.8103,                 2.6387,                 2.3913,               0.008383,               0.008383,               0.008383
                     51,                 1.9707,                 1.9713,                 2.3158,                0.13204,                0.44128,                0.14125,                0.06159,                 1.8224,                 2.4375,                 2.4483,                0.00835,                0.00835,                0.00835
                     52,                 1.8603,                 1.9574,                 2.2716,                0.12542,                0.07117,                0.04116,                0.01274,                 2.6203,                  4.683,                 3.2565,               0.008317,               0.008317,               0.008317
                     53,                 1.9894,                  1.866,                 2.3233,                0.06502,                 0.0605,                0.03346,                0.01069,                 2.4149,                 3.7121,                 3.1009,               0.008284,               0.008284,               0.008284
                     54,                  1.889,                 1.8033,                 2.2152,                0.44436,                0.59786,                0.47347,                0.23603,                 1.7061,                 1.9336,                 2.2853,               0.008251,               0.008251,               0.008251
                     55,                 1.9304,                   1.84,                 2.2685,                0.20982,                0.19573,                0.16715,                0.06958,                  1.993,                  2.533,                 2.4761,               0.008218,               0.008218,               0.008218
                     56,                 1.9307,                 1.7515,                 2.2628,                0.17441,                  0.121,                0.04272,                0.01711,                 2.5204,                 3.7917,                 3.0198,               0.008185,               0.008185,               0.008185
                     57,                 1.7232,                 1.5694,                  2.054,                0.18208,                0.12811,                0.06851,                0.02762,                 2.3583,                 3.2997,                 2.8792,               0.008152,               0.008152,               0.008152
                     58,                 1.8407,                 1.7132,                 2.1695,                 0.2224,                 0.1313,                0.07372,                0.03507,                 2.2593,                 3.3567,                 2.8481,               0.008119,               0.008119,               0.008119
                     59,                 1.8098,                 1.5776,                 2.0939,                0.19149,                0.11211,                0.07306,                0.02847,                 2.4484,                 3.4725,                 3.0082,               0.008086,               0.008086,               0.008086
                     60,                 1.7485,                 1.5742,                 2.1017,                0.68303,                0.52313,                 0.6227,                0.33658,                 1.7355,                 1.8517,                 2.3096,               0.008053,               0.008053,               0.008053
                     61,                  1.879,                 1.6551,                  2.129,                0.37262,                0.08455,                0.08835,                0.03174,                 2.5062,                 3.2966,                 3.0684,                0.00802,                0.00802,                0.00802
                     62,                 1.7812,                 1.6328,                 2.1943,                0.40435,                0.29232,                0.27484,                 0.1335,                 2.1253,                 2.6719,                 2.7009,               0.007987,               0.007987,               0.007987
                     63,                 1.8973,                 1.6092,                 2.1824,                0.63231,                0.49822,                0.48435,                0.24899,                 1.8467,                 2.1652,                 2.3591,               0.007954,               0.007954,               0.007954
                     64,                 1.7358,                 1.5639,                 2.0168,                0.21069,                0.13523,                0.11385,                0.05101,                 2.2083,                 2.8278,                 2.6452,               0.007921,               0.007921,               0.007921
                     65,                 1.6966,                 1.5611,                 2.0134,                0.69387,                0.67616,                0.74661,                0.42977,                 1.5259,                 1.6529,                 2.1256,               0.007888,               0.007888,               0.007888
                     66,                 1.6977,                 1.5701,                 2.0588,                0.81664,                0.61922,                0.74017,                0.43912,                  1.556,                  1.733,                 2.1154,               0.007855,               0.007855,               0.007855
                     67,                 1.7112,                   1.54,                 2.1091,                0.25295,                0.35587,                0.24874,                0.11216,                 1.9686,                 2.2402,                 2.5339,               0.007822,               0.007822,               0.007822
                     68,                 1.6265,                 1.5153,                 2.0139,                0.61056,                0.58007,                0.59357,                 0.3157,                  1.626,                 1.8403,                 2.2207,               0.007789,               0.007789,               0.007789
                     69,                 1.6975,                 1.4831,                 2.0875,                0.77348,                0.61973,                0.72585,                0.39895,                 1.5721,                 1.5881,                 2.1664,               0.007756,               0.007756,               0.007756
                     70,                 1.7203,                 1.5455,                 2.0724,                0.34628,                0.48754,                0.34438,                0.16855,                 1.7678,                 2.0988,                  2.358,               0.007723,               0.007723,               0.007723
                     71,                 1.7041,                 1.5328,                 1.9996,                 0.7744,                0.61922,                0.75378,                0.45792,                 1.6031,                 1.4575,                 2.1457,                0.00769,                0.00769,                0.00769
                     72,                 1.6962,                 1.5806,                 2.0639,                0.73698,                0.61922,                0.75607,                0.48587,                 1.4978,                 1.4521,                 2.0392,               0.007657,               0.007657,               0.007657
                     73,                 1.7052,                 1.4246,                 2.0522,                0.77321,                0.58237,                0.73235,                0.42942,                 1.5763,                 1.5076,                 2.0984,               0.007624,               0.007624,               0.007624
                     74,                 1.6284,                 1.3788,                 1.9253,                0.74992,                0.65096,                0.77337,                0.47881,                 1.5273,                 1.4278,                 2.0973,               0.007591,               0.007591,               0.007591
                     75,                 1.6263,                 1.3598,                 1.8782,                0.77694,                0.63217,                0.75401,                0.47125,                 1.5668,                 1.4791,                 2.1497,               0.007558,               0.007558,               0.007558
                     76,                 1.7001,                 1.4943,                  2.029,                0.70457,                0.61922,                0.72845,                0.43041,                 1.5733,                 1.5334,                  2.129,               0.007525,               0.007525,               0.007525
                     77,                 1.7087,                 1.4882,                 2.0213,                0.70921,                0.64057,                0.72703,                 0.4405,                  1.583,                 1.5881,                 2.1571,               0.007492,               0.007492,               0.007492
                     78,                 1.6656,                 1.5419,                  1.981,                0.83459,                0.59431,                0.73763,                0.47314,                 1.5321,                 1.5463,                 2.1283,               0.007459,               0.007459,               0.007459
                     79,                 1.7252,                 1.5662,                 2.0974,                0.78133,                0.59431,                0.71659,                0.43546,                 1.6251,                 1.5643,                 2.2046,               0.007426,               0.007426,               0.007426
                     80,                 1.6049,                 1.4302,                  1.932,                0.75884,                0.59075,                0.73873,                0.45249,                 1.5439,                 1.4735,                 2.1383,               0.007393,               0.007393,               0.007393
                     81,                 1.6249,                 1.3857,                 1.9281,                0.77626,                0.67907,                0.77534,                0.44886,                 1.5796,                 1.4421,                 2.0926,                0.00736,                0.00736,                0.00736
                     82,                 1.5306,                 1.3125,                 1.8769,                0.72796,                0.68327,                0.77158,                0.48161,                 1.4776,                 1.3925,                 2.0252,               0.007327,               0.007327,               0.007327
                     83,                 1.5504,                 1.2645,                 1.8124,                0.60851,                0.66548,                0.69829,                0.45374,                 1.4849,                 1.4884,                 2.0332,               0.007294,               0.007294,               0.007294
                     84,                 1.5739,                 1.3463,                  1.855,                0.78606,                0.67994,                0.78091,                0.47916,                 1.4603,                 1.3989,                 2.0072,               0.007261,               0.007261,               0.007261
                     85,                 1.5551,                 1.2742,                  1.853,                0.71554,                0.67972,                0.74984,                0.44209,                 1.5108,                  1.521,                 2.0732,               0.007228,               0.007228,               0.007228
                     86,                 1.5575,                 1.4458,                 1.9582,                0.79727,                0.72598,                0.81646,                0.51484,                 1.3508,                 1.4143,                 1.8992,               0.007195,               0.007195,               0.007195
                     87,                  1.634,                 1.4822,                   1.97,                0.78173,                 0.5694,                0.72833,                0.43685,                 1.5018,                 1.4921,                 2.0518,               0.007162,               0.007162,               0.007162
                     88,                 1.5028,                  1.362,                 1.8936,                0.74317,                0.69395,                0.78591,                0.48323,                 1.4586,                 1.6151,                 2.0324,               0.007129,               0.007129,               0.007129
                     89,                 1.4736,                   1.26,                 1.8359,                0.74711,                0.69395,                0.79124,                0.46942,                 1.4252,                 1.6098,                 1.9577,               0.007096,               0.007096,               0.007096
                     90,                 1.4862,                 1.2265,                 1.7678,                0.85062,                0.68327,                0.79016,                0.51013,                 1.3776,                 1.7306,                 1.9254,               0.007063,               0.007063,               0.007063
                     91,                 1.6199,                 1.3112,                 1.8826,                0.86919,                0.62278,                0.75455,                0.49328,                 1.3815,                 1.6959,                 1.9334,                0.00703,                0.00703,                0.00703
                     92,                 1.4665,                 1.3152,                 1.8226,                0.86388,                0.65498,                0.79332,                0.51016,                 1.4796,                 1.5334,                 2.0208,               0.006997,               0.006997,               0.006997
                     93,                 1.5766,                 1.3409,                 1.8926,                0.84874,                0.75882,                 0.8392,                0.54371,                 1.3774,                  1.293,                 1.9138,               0.006964,               0.006964,               0.006964
                     94,                 1.5909,                 1.3276,                 1.9169,                0.83291,                0.74506,                0.83315,                0.52292,                 1.4543,                 1.2968,                 1.9969,               0.006931,               0.006931,               0.006931
                     95,                 1.4556,                 1.1904,                 1.7787,                0.84657,                0.75445,                0.85277,                0.54547,                 1.3921,                 1.2049,                 1.9258,               0.006898,               0.006898,               0.006898
                     96,                 1.5061,                 1.1845,                 1.8183,                0.83721,                0.75041,                 0.8528,                0.57242,                 1.3243,                 1.1828,                   1.88,               0.006865,               0.006865,               0.006865
                     97,                 1.5098,                 1.2392,                 1.8014,                0.86263,                0.69276,                0.82815,                0.54742,                 1.3709,                 1.2578,                 1.9123,               0.006832,               0.006832,               0.006832
                     98,                  1.449,                 1.2132,                 1.7911,                 0.8977,                0.66548,                0.82583,                0.53385,                 1.3357,                 1.2343,                 1.8759,               0.006799,               0.006799,               0.006799
                     99,                 1.4702,                 1.2213,                 1.7763,                 0.8322,                0.77656,                0.85713,                0.55248,                  1.318,                 1.1692,                 1.8544,               0.006766,               0.006766,               0.006766
                    100,                 1.4956,                 1.2154,                 1.7584,                0.81371,                0.76512,                0.84568,                 0.5401,                 1.3088,                 1.1809,                 1.8538,               0.006733,               0.006733,               0.006733
                    101,                 1.4463,                 1.1615,                 1.7167,                0.80502,                0.74021,                0.82658,                0.52644,                  1.358,                 1.3456,                 1.9104,                 0.0067,                 0.0067,                 0.0067
                    102,                 1.5051,                 1.2643,                  1.831,                0.78187,                0.76868,                0.84919,                0.56521,                 1.3303,                 1.2031,                 1.8901,               0.006667,               0.006667,               0.006667
                    103,                 1.4093,                 1.1477,                  1.707,                0.85603,                0.71946,                0.84339,                 0.5479,                 1.3499,                 1.3185,                 1.9261,               0.006634,               0.006634,               0.006634
                    104,                 1.4709,                 1.2211,                 1.8211,                0.74286,                0.75801,                0.82525,                0.54008,                 1.3131,                 1.1677,                 1.8699,               0.006601,               0.006601,               0.006601
                    105,                 1.4309,                 1.1654,                 1.7379,                0.79938,                0.76868,                0.85159,                0.56807,                 1.3446,                 1.2048,                 1.9218,               0.006568,               0.006568,               0.006568
                    106,                 1.4298,                 1.2219,                 1.7925,                0.87206,                0.70343,                0.83437,                0.53846,                 1.3744,                  1.279,                 1.9583,               0.006535,               0.006535,               0.006535
                    107,                 1.4437,                 1.1796,                 1.7478,                0.77937,                0.64111,                0.73424,                0.44042,                 1.5236,                 1.6211,                 2.0661,               0.006502,               0.006502,               0.006502
                    108,                  1.503,                  1.249,                 1.8762,                0.78839,                0.72922,                0.79753,                0.48879,                 1.4778,                 1.3121,                 2.0214,               0.006469,               0.006469,               0.006469
                    109,                 1.5154,                 1.2753,                 1.8601,                0.80294,                0.74733,                0.83076,                 0.5136,                  1.466,                 1.2209,                 1.9723,               0.006436,               0.006436,               0.006436
                    110,                 1.4431,                 1.2164,                  1.794,                0.88407,                0.78699,                0.88182,                0.58568,                 1.2798,                 1.1077,                 1.8315,               0.006403,               0.006403,               0.006403
                    111,                  1.455,                 1.1053,                  1.728,                0.88933,                0.80074,                0.89278,                0.61084,                 1.2299,                 1.0768,                 1.7698,                0.00637,                0.00637,                0.00637
                    112,                 1.3753,                 1.1237,                 1.7259,                0.83243,                 0.7602,                0.85572,                0.55593,                 1.3161,                  1.174,                 1.8448,               0.006337,               0.006337,               0.006337
                    113,                 1.4495,                 1.1989,                 1.7589,                0.82745,                0.76797,                 0.8622,                0.53997,                 1.4221,                 1.2373,                 1.9294,               0.006304,               0.006304,               0.006304
                    114,                 1.4329,                 1.1885,                 1.7716,                0.76121,                0.63529,                0.75136,                 0.4981,                 1.4506,                 1.4946,                 2.0066,               0.006271,               0.006271,               0.006271
                    115,                 1.3727,                 1.0514,                 1.6954,                0.89578,                0.72242,                0.85118,                0.56367,                 1.3098,                 1.1718,                  1.838,               0.006238,               0.006238,               0.006238
                    116,                 1.4119,                 1.1244,                 1.7038,                0.89173,                0.73276,                0.85843,                0.58467,                 1.3103,                 1.1649,                 1.8638,               0.006205,               0.006205,               0.006205
                    117,                 1.3621,                 1.0765,                 1.6612,                0.74029,                0.70107,                0.78125,                0.51212,                 1.3904,                 1.3553,                 1.9267,               0.006172,               0.006172,               0.006172
                    118,                 1.4116,                  1.148,                 1.8185,                0.92203,                0.75746,                0.88688,                 0.5991,                 1.2813,                  1.095,                 1.7957,               0.006139,               0.006139,               0.006139
                    119,                 1.4116,                 1.1078,                 1.7111,                0.91262,                0.81495,                0.91472,                0.63279,                 1.1917,                 1.0056,                 1.7213,               0.006106,               0.006106,               0.006106
                    120,                 1.3368,                 1.0574,                 1.6779,                0.88356,                0.83714,                0.91946,                0.64691,                  1.206,                0.97802,                 1.7406,               0.006073,               0.006073,               0.006073
                    121,                 1.3837,                 1.1208,                 1.7071,                0.89414,                0.75801,                0.88024,                0.60759,                 1.2704,                 1.0937,                 1.8095,                0.00604,                0.00604,                0.00604
                    122,                 1.3688,                 1.0229,                 1.6658,                0.82505,                0.70486,                0.83362,                0.53839,                 1.3706,                 1.2001,                 1.8955,               0.006007,               0.006007,               0.006007
                    123,                 1.4341,                 1.1122,                 1.7476,                0.83551,                0.79359,                0.87331,                0.56716,                 1.3673,                 1.2287,                 1.9093,               0.005974,               0.005974,               0.005974
                    124,                 1.3448,                 1.1952,                 1.7004,                0.86095,                0.72242,                0.84621,                0.51053,                 1.4969,                 1.2264,                  2.027,               0.005941,               0.005941,               0.005941
                    125,                 1.3895,                 1.0927,                 1.7466,                0.86761,                0.72598,                0.86189,                0.56072,                 1.3448,                 1.1634,                  1.868,               0.005908,               0.005908,               0.005908
                    126,                 1.3474,                 1.0487,                 1.6362,                0.81608,                0.77374,                0.86574,                0.58093,                 1.3217,                 1.1955,                 1.8609,               0.005875,               0.005875,               0.005875
                    127,                 1.3693,                 1.0819,                 1.7223,                0.80459,                0.74377,                0.80729,                0.53968,                 1.2876,                 1.1749,                 1.8066,               0.005842,               0.005842,               0.005842
                    128,                 1.3105,                 1.0757,                  1.686,                0.88474,                0.84686,                0.92322,                0.62014,                 1.2327,                0.99002,                 1.7242,               0.005809,               0.005809,               0.005809
                    129,                 1.3008,                0.96896,                 1.5816,                0.92225,                0.81139,                0.91135,                0.62711,                 1.2218,                0.97509,                  1.701,               0.005776,               0.005776,               0.005776
                    130,                 1.3575,                 1.1056,                 1.7189,                0.89119,                0.85053,                 0.9178,                0.62127,                 1.2298,                0.99233,                 1.7285,               0.005743,               0.005743,               0.005743
                    131,                 1.3257,                 0.9868,                 1.6937,                0.87866,                0.77936,                0.88001,                0.60103,                 1.2585,                 1.0115,                 1.7438,                0.00571,                0.00571,                0.00571
                    132,                  1.372,                 1.1091,                 1.7299,                0.91446,                0.82206,                 0.9149,                0.63355,                 1.2092,                 0.9981,                 1.7113,               0.005677,               0.005677,               0.005677
                    133,                 1.3103,                 1.0052,                 1.6252,                0.91165,                0.84457,                0.93221,                0.63621,                 1.2343,                0.94709,                 1.7259,               0.005644,               0.005644,               0.005644
                    134,                 1.2936,                 1.0176,                 1.6292,                 0.9205,                0.85409,                0.94111,                0.64232,                 1.1532,                0.89875,                 1.6652,               0.005611,               0.005611,               0.005611
                    135,                 1.2787,                0.94466,                 1.6199,                0.85921,                0.72954,                0.85116,                0.55996,                 1.3362,                 1.1535,                 1.8601,               0.005578,               0.005578,               0.005578
                    136,                 1.4064,                 1.0533,                 1.7128,                0.80084,                0.70117,                0.80787,                0.51664,                 1.4428,                 1.2341,                 1.9502,               0.005545,               0.005545,               0.005545
                    137,                 1.2626,                0.92464,                 1.5608,                0.87005,                0.78648,                0.88275,                0.55531,                 1.3725,                 1.0888,                 1.8847,               0.005512,               0.005512,               0.005512
                    138,                 1.3723,                 1.0427,                 1.6679,                0.83571,                0.81495,                0.86572,                0.55961,                 1.3483,                 1.0465,                 1.8141,               0.005479,               0.005479,               0.005479
                    139,                 1.4138,                  1.054,                 1.7164,                0.86485,                0.59209,                0.73954,                0.48866,                 1.4438,                 1.3605,                 1.9778,               0.005446,               0.005446,               0.005446
                    140,                 1.3191,                0.98425,                 1.6973,                0.87646,                0.85838,                0.91238,                0.62663,                 1.2268,                0.98494,                  1.736,               0.005413,               0.005413,               0.005413
                    141,                 1.3378,                 1.0804,                 1.6925,                0.80731,                0.74021,                0.83764,                0.55462,                  1.361,                 1.2011,                 1.8733,                0.00538,                0.00538,                0.00538
                    142,                 1.2516,                0.97977,                 1.5865,                0.92258,                0.84818,                0.94238,                0.66271,                 1.1143,                0.91717,                 1.6036,               0.005347,               0.005347,               0.005347
                    143,                  1.305,                0.97727,                 1.6277,                0.86007,                0.85765,                0.92575,                0.63053,                 1.1286,                 0.9601,                 1.6179,               0.005314,               0.005314,               0.005314
                    144,                 1.2613,                0.89706,                 1.5381,                0.88266,                0.85661,                0.93914,                0.63165,                 1.1306,                0.95973,                 1.6195,               0.005281,               0.005281,               0.005281
                    145,                 1.3191,                0.97968,                 1.7178,                0.88765,                0.87162,                0.93582,                0.64985,                 1.1429,                0.96667,                 1.6553,               0.005248,               0.005248,               0.005248
                    146,                 1.3075,                0.92879,                 1.6052,                  0.907,                0.83292,                0.92802,                0.63357,                 1.1513,                0.93009,                  1.664,               0.005215,               0.005215,               0.005215
                    147,                 1.2732,                 0.8992,                 1.5558,                0.80104,                0.69751,                0.80771,                0.52184,                 1.4337,                 1.3106,                 1.9775,               0.005182,               0.005182,               0.005182
                    148,                 1.3862,                  1.185,                 1.7369,                0.92416,                0.86733,                0.94209,                0.67848,                 1.1832,                0.89093,                 1.7191,               0.005149,               0.005149,               0.005149
                    149,                 1.2596,                0.92445,                 1.5807,                0.92373,                 0.9051,                 0.9481,                0.68578,                 1.1239,                 0.8258,                 1.6462,               0.005116,               0.005116,               0.005116
                    150,                 1.3561,                 1.0572,                 1.7391,                0.94831,                0.82918,                0.93883,                0.66094,                 1.1538,                0.82342,                 1.6622,               0.005083,               0.005083,               0.005083
                    151,                 1.2533,                0.90587,                 1.5666,                0.92943,                0.89054,                0.94996,                0.68491,                 1.0917,                0.79162,                 1.6137,                0.00505,                0.00505,                0.00505
                    152,                 1.2165,                0.87488,                 1.5497,                0.88741,                0.89757,                0.94567,                0.68464,                 1.1109,                0.84533,                 1.6201,               0.005017,               0.005017,               0.005017
                    153,                 1.2913,                0.91355,                 1.5773,                0.92758,                0.86605,                0.94757,                 0.6814,                 1.1222,                0.80645,                 1.6311,               0.004984,               0.004984,               0.004984
                    154,                 1.2813,                0.91085,                 1.5551,                0.94384,                0.87544,                0.95688,                0.69224,                 1.1006,                0.78668,                 1.5851,               0.004951,               0.004951,               0.004951
                    155,                  1.272,                0.96204,                 1.6689,                0.93903,                0.89324,                0.95851,                0.69198,                 1.0565,                0.76952,                 1.5651,               0.004918,               0.004918,               0.004918
                    156,                 1.2286,                0.89928,                  1.535,                0.95087,                0.89542,                0.95849,                0.71253,                 1.0223,                0.74703,                 1.5392,               0.004885,               0.004885,               0.004885
                    157,                 1.2248,                0.87448,                 1.5461,                0.88132,                0.85765,                0.93063,                0.64721,                 1.1855,                0.89013,                 1.6944,               0.004852,               0.004852,               0.004852
                    158,                  1.218,                0.93381,                 1.6161,                 0.8373,                0.80582,                  0.889,                0.60705,                 1.2733,                 1.0544,                  1.796,               0.004819,               0.004819,               0.004819
                    159,                 1.2604,                0.89201,                 1.5584,                0.86438,                0.84698,                0.90355,                0.60909,                 1.2811,                0.99814,                 1.7789,               0.004786,               0.004786,               0.004786
                    160,                 1.2594,                0.91088,                 1.6007,                0.85229,                0.87544,                0.92379,                0.65548,                 1.1423,                0.91716,                 1.6561,               0.004753,               0.004753,               0.004753
                    161,                 1.2371,                0.89076,                 1.5308,                0.91437,                0.89324,                0.94766,                0.67345,                 1.0943,                0.94275,                 1.6042,                0.00472,                0.00472,                0.00472
                    162,                 1.1484,                0.84208,                 1.5028,                0.94178,                0.91103,                0.96035,                0.70346,                 1.0102,                0.82709,                 1.5251,               0.004687,               0.004687,               0.004687
                    163,                 1.2899,                0.95488,                 1.6609,                0.94393,                 0.8986,                0.96165,                0.70877,                 1.0091,                0.78973,                 1.5124,               0.004654,               0.004654,               0.004654
                    164,                 1.1722,                 0.8144,                 1.5122,                0.95626,                0.88612,                0.96435,                0.72581,                 1.0122,                0.76367,                 1.5193,               0.004621,               0.004621,               0.004621
                    165,                 1.2042,                0.81371,                 1.4759,                0.89523,                0.82105,                0.91697,                0.64289,                 1.1807,                0.94568,                 1.6811,               0.004588,               0.004588,               0.004588
                    166,                 1.1937,                0.86743,                 1.5072,                0.88323,                0.80071,                0.91001,                0.63393,                 1.2183,                0.98469,                  1.728,               0.004555,               0.004555,               0.004555
                    167,                 1.1562,                0.87006,                 1.5336,                0.90209,                0.88529,                0.94626,                 0.6726,                 1.1676,                0.85047,                 1.6563,               0.004522,               0.004522,               0.004522
                    168,                 1.2624,                0.93436,                  1.656,                0.93781,                0.91103,                0.96364,                 0.6953,                 1.0702,                0.76562,                 1.5321,               0.004489,               0.004489,               0.004489
                    169,                 1.2509,                 0.9326,                 1.6159,                0.93164,                0.93238,                0.96586,                0.71465,                 1.0207,                0.74464,                  1.523,               0.004456,               0.004456,               0.004456
                    170,                 1.2673,                0.91157,                 1.5684,                0.92939,                0.88995,                0.95905,                0.71023,                  1.028,                0.75016,                 1.5454,               0.004423,               0.004423,               0.004423
                    171,                 1.3085,                 0.9472,                 1.6257,                0.93847,                0.86833,                0.94628,                 0.6705,                 1.1429,                0.82248,                 1.6396,                0.00439,                0.00439,                0.00439
                    172,                 1.2249,                 0.8888,                  1.543,                0.92854,                0.87864,                0.95303,                0.70023,                 1.0568,                0.80106,                 1.5703,               0.004357,               0.004357,               0.004357
                    173,                 1.1816,                0.86305,                 1.5721,                0.92988,                0.88256,                 0.9486,                0.69362,                 1.0803,                 0.7964,                 1.5999,               0.004324,               0.004324,               0.004324
                    174,                  1.147,                0.84293,                 1.4623,                0.93079,                0.90747,                0.95659,                0.70559,                  1.024,                0.75368,                 1.5508,               0.004291,               0.004291,               0.004291
                    175,                 1.1625,                0.79178,                 1.4692,                0.95233,                 0.9243,                0.96654,                0.71966,                 1.0157,                0.71502,                 1.5138,               0.004258,               0.004258,               0.004258
                    176,                 1.2415,                0.89059,                 1.5664,                0.93233,                 0.9395,                0.96994,                0.73247,                0.97822,                0.69252,                 1.4863,               0.004225,               0.004225,               0.004225
                    177,                 1.2904,                0.96681,                 1.5615,                0.94562,                0.92829,                0.96267,                0.69951,                 1.0356,                 0.7374,                 1.5285,               0.004192,               0.004192,               0.004192
                    178,                 1.2343,                0.83885,                 1.5636,                0.91264,                0.92949,                0.96044,                0.69605,                 1.0447,                0.75453,                 1.5567,               0.004159,               0.004159,               0.004159
                    179,                 1.2235,                0.85389,                 1.5488,                 0.9346,                0.93594,                0.97079,                 0.7072,                 1.0072,                0.71881,                 1.4999,               0.004126,               0.004126,               0.004126
                    180,                 1.1702,                0.86106,                 1.5328,                0.93839,                0.92147,                0.97081,                0.70414,                 1.0116,                0.72019,                 1.5005,               0.004093,               0.004093,               0.004093
                    181,                 1.1548,                0.81149,                 1.4915,                0.91969,                0.92883,                0.96197,                0.70232,                 1.0411,                0.75324,                 1.5219,                0.00406,                0.00406,                0.00406
                    182,                 1.1488,                 0.8306,                 1.4854,                0.93548,                0.92879,                 0.9725,                0.72131,                 0.9965,                0.71989,                 1.4821,               0.004027,               0.004027,               0.004027
                    183,                  1.183,                0.87822,                  1.596,                0.93713,                0.94662,                0.97499,                0.73064,                0.97667,                0.70682,                 1.4814,               0.003994,               0.003994,               0.003994
                    184,                  1.154,                0.79794,                 1.4935,                0.96665,                 0.9284,                0.97185,                0.72119,                 0.9936,                0.72542,                 1.5115,               0.003961,               0.003961,               0.003961
                    185,                 1.1645,                0.81675,                 1.5224,                0.95213,                 0.9395,                0.97605,                0.73783,                0.95778,                0.67916,                 1.4676,               0.003928,               0.003928,               0.003928
                    186,                  1.143,                0.82587,                 1.4899,                0.94672,                0.94849,                0.97567,                0.74903,                0.97874,                0.69437,                 1.4785,               0.003895,               0.003895,               0.003895
                    187,                 1.2178,                0.84532,                 1.5186,                0.93579,                0.88175,                0.94438,                 0.6847,                 1.0906,                0.87504,                 1.6014,               0.003862,               0.003862,               0.003862
                    188,                 1.1443,                0.81787,                 1.4657,                0.92368,                0.86142,                0.94963,                0.68235,                 1.1071,                0.87436,                 1.6115,               0.003829,               0.003829,               0.003829
                    189,                 1.2431,                0.87594,                 1.5003,                0.94737,                0.89691,                0.97151,                0.70127,                 1.0703,                0.77276,                 1.5666,               0.003796,               0.003796,               0.003796
                    190,                 1.1219,                0.81565,                 1.5135,                0.94317,                0.94306,                0.96337,                0.72424,                0.96588,                0.69628,                 1.4657,               0.003763,               0.003763,               0.003763
                    191,                 1.1318,                0.77454,                 1.4161,                0.95421,                0.88991,                0.95593,                0.67945,                 1.0833,                0.75014,                 1.5546,                0.00373,                0.00373,                0.00373
                    192,                  1.166,                 0.7999,                 1.4766,                0.93461,                 0.9156,                 0.9646,                0.71577,                 1.0211,                0.72704,                 1.5093,               0.003697,               0.003697,               0.003697
                    193,                 1.2212,                0.85355,                 1.5535,                0.92768,                0.91303,                0.96871,                0.69815,                 1.0468,                0.71529,                 1.5304,               0.003664,               0.003664,               0.003664
                    194,                 1.1774,                0.82084,                 1.5061,                0.93689,                0.95091,                 0.9733,                0.71673,                0.98885,                0.68688,                 1.4801,               0.003631,               0.003631,               0.003631
                    195,                 1.1179,                0.79333,                 1.4266,                0.95731,                0.87794,                0.95896,                0.70648,                 1.0413,                0.77947,                 1.5424,               0.003598,               0.003598,               0.003598
                    196,                 1.1368,                0.78968,                 1.4819,                0.96166,                0.89262,                0.96799,                0.72719,                0.99692,                0.72498,                 1.4997,               0.003565,               0.003565,               0.003565
                    197,                 1.1836,                0.84742,                 1.5276,                0.95194,                 0.8968,                0.96925,                0.71477,                 1.0444,                0.74058,                 1.5349,               0.003532,               0.003532,               0.003532
                    198,                 1.1606,                0.81107,                 1.5253,                0.96604,                0.90747,                0.98097,                0.73548,                0.99837,                0.68273,                 1.4773,               0.003499,               0.003499,               0.003499
                    199,                 1.1654,                 0.8468,                 1.5186,                0.96293,                0.92429,                0.98177,                0.73661,                0.97309,                 0.6703,                 1.4676,               0.003466,               0.003466,               0.003466
                    200,                 1.1425,                0.81636,                   1.47,                0.96169,                0.92527,                0.97759,                0.72962,                0.98694,                0.68311,                 1.4884,               0.003433,               0.003433,               0.003433
                    201,                 1.1683,                0.82035,                 1.5452,                0.94653,                0.93238,                0.97863,                0.72375,                 1.0175,                0.70679,                 1.5205,                 0.0034,                 0.0034,                 0.0034
                    202,                 1.0767,                0.75274,                 1.3948,                0.95826,                0.95374,                0.98269,                0.72919,                0.97099,                0.68144,                 1.4651,               0.003367,               0.003367,               0.003367
                    203,                 1.1253,                0.84519,                 1.5038,                0.94593,                 0.9573,                0.98166,                 0.7391,                0.92686,                0.64794,                 1.4088,               0.003334,               0.003334,               0.003334
                    204,                 1.1225,                0.77415,                 1.4459,                0.94394,                0.95881,                0.98375,                0.75035,                0.90248,                0.64417,                  1.401,               0.003301,               0.003301,               0.003301
                    205,                 1.1607,                0.81282,                 1.5059,                 0.9109,                0.94599,                0.97552,                0.72152,                 1.0109,                0.70777,                  1.489,               0.003268,               0.003268,               0.003268
                    206,                 1.1058,                0.82274,                 1.4924,                0.94892,                0.92564,                0.97496,                0.70948,                 1.0347,                0.75098,                 1.5115,               0.003235,               0.003235,               0.003235
                    207,                 1.0675,                0.70317,                 1.4259,                0.94591,                0.87131,                0.95737,                0.68148,                  1.132,                0.81928,                 1.6083,               0.003202,               0.003202,               0.003202
                    208,                 1.0738,                0.77657,                 1.4607,                0.92223,                0.92845,                0.96047,                 0.6926,                 1.0963,                0.75118,                 1.5682,               0.003169,               0.003169,               0.003169
                    209,                 1.1221,                0.80004,                 1.4562,                 0.9323,                0.94662,                0.96877,                0.72445,                0.98852,                0.67796,                  1.475,               0.003136,               0.003136,               0.003136
                    210,                 1.0635,                0.71637,                 1.3964,                0.93425,                0.96083,                0.97983,                0.75502,                0.92637,                0.64236,                 1.4234,               0.003103,               0.003103,               0.003103
                    211,                 1.0814,                0.75683,                 1.4504,                0.95063,                 0.9594,                0.98155,                0.76151,                0.91214,                0.64458,                  1.408,                0.00307,                0.00307,                0.00307
                    212,                 1.1421,                0.84431,                 1.5779,                0.94777,                0.96085,                0.97857,                0.74603,                0.94223,                0.65323,                 1.4382,               0.003037,               0.003037,               0.003037
                    213,                 1.0689,                0.74453,                 1.4597,                0.95255,                 0.9395,                0.97033,                0.72959,                 1.0005,                0.70732,                 1.4909,               0.003004,               0.003004,               0.003004
                    214,                 1.1601,                 0.8307,                  1.522,                0.94681,                0.95023,                0.97558,                0.73447,                0.97238,                0.67272,                 1.4491,               0.002971,               0.002971,               0.002971
                    215,                 1.0845,                0.73604,                 1.4566,                0.95802,                 0.9395,                0.98275,                0.75798,                0.91313,                0.63662,                 1.4029,               0.002938,               0.002938,               0.002938
                    216,                 1.0787,                0.74498,                 1.3755,                0.95459,                0.94306,                  0.985,                0.75888,                0.89914,                0.62416,                 1.3926,               0.002905,               0.002905,               0.002905
                    217,                 1.0844,                0.72917,                 1.4435,                0.94352,                0.95124,                0.98501,                 0.7494,                0.94345,                0.65252,                 1.4324,               0.002872,               0.002872,               0.002872
                    218,                 1.0909,                0.75335,                 1.4666,                0.95469,                 0.9573,                0.98321,                0.74214,                0.97246,                0.65048,                 1.4545,               0.002839,               0.002839,               0.002839
                    219,                   1.13,                0.75775,                 1.4631,                0.95796,                0.95374,                0.98575,                0.75044,                0.91947,                0.60598,                 1.4029,               0.002806,               0.002806,               0.002806
                    220,                 1.1214,                0.75453,                  1.448,                0.97071,                0.94339,                0.98688,                0.75338,                0.92574,                0.61032,                 1.4099,               0.002773,               0.002773,               0.002773
                    221,                 1.1246,                0.77086,                 1.4433,                0.97802,                0.94988,                0.98696,                0.74678,                 0.9207,                0.63333,                 1.4282,                0.00274,                0.00274,                0.00274
